,GT_Sentence,LLM_Sentence,Sentence_Match_Score,Source_Type_GT,Source_Type_LLM,Source_Type_Match,Name_GT,Name_LLM,Name_Match_Score,Title_GT,Title_LLM,Title_Match_Score,Justification_GT,Justification_LLM,Justification_Match_Score,Title_and_Justification_GT,Title_and_Justification_LLM,Title_and_Justification_Match_Score
0,"it’s an important enough right that explaining it to tenants was one of the key ways shelby county said it hoped to deploy a recent $250,000 grant.",,0,Named_Organization,,No,shelby county,,0,,,0.0,,,0.0, ,,0.0
1,"“it just shortens the whole timeline in which a person can lose their home,” said brian rees, a staff attorney at the works inc. nonprofit who has represented hundreds of tenants in eviction proceedings in recent years. “things (can now) happen very, very quickly.”","âit just shortens the whole timeline in which a person can lose their home,â said brian rees, a staff attorney at the works inc. nonprofit who has represented hundreds of tenants in eviction proceedings in recent years. âthings (can now) happen very, very quickly.â",100,Named_Person,Named_Person,Yes,brian rees,brian rees,100,"staff attorney, the works inc","staff attorney, the works inc.",1.0,"who has represented hundreds of tenants in eviction proceedings in recent years.,still, rees sees the legislation’s passage as a win. because even if landlords aren’t responsive, it will provide tenants with proof they’re requesting maintenance through the proper channels — proof lawyers like rees could theoretically use in their defense.,additionally, programs designed to help low-income renters, such as legal aid or rental assistance, often take days or weeks to approve requests. and if renters aren’t able to get help, the apartment complexes they turn to for shelter may not be quick to process their applications.",who has represented hundreds of tenants in eviction proceedings in recent years,0.9808676838874817,"staff attorney, the works inc who has represented hundreds of tenants in eviction proceedings in recent years.,still, rees sees the legislation’s passage as a win. because even if landlords aren’t responsive, it will provide tenants with proof they’re requesting maintenance through the proper channels — proof lawyers like rees could theoretically use in their defense.,additionally, programs designed to help low-income renters, such as legal aid or rental assistance, often take days or weeks to approve requests. and if renters aren’t able to get help, the apartment complexes they turn to for shelter may not be quick to process their applications.","staff attorney, the works inc. who has represented hundreds of tenants in eviction proceedings in recent years",1.0
2,"if the governor signed it, henderson said, it would have “devastating” consequences for renters.","if the governor signed it, henderson said, it would have âdevastatingâ consequences for renters.",100,Named_Person,Named_Person,Yes,deborah henderson,deborah henderson,100,judge,judge,1.0000001192092896,"house bill 2267, which cut tenants’ right to a continuance in half, hadn’t yet been signed by gov. bill lee.",who judges thousands of eviction cases per year,0.33016136288642883,"judge house bill 2267, which cut tenants’ right to a continuance in half, hadn’t yet been signed by gov. bill lee.",judge who judges thousands of eviction cases per year,0.4083113968372345
3,"the tennessee association of realtors is the sixth largest spender on tennessee politics, according to the tennessee lookout’s database, having spent $6.5 million on lobbying, campaign donations and other political expenditures since 2009.",,0,Named_Organization,,No,tennessee lookout,,0,,,0.0,,,0.0, ,,0.0
4,"“landlords have always had a very strong lobbying group,” she said.","âlandlords have always had a very strong lobbying group,â she said.",96,Named_Person,Named_Person,Yes,deborah henderson,deborah henderson,100,judge,judge,1.0000001192092896,"house bill 2267, which cut tenants’ right to a continuance in half, hadn’t yet been signed by gov. bill lee.",who judges thousands of eviction cases per year,0.33016136288642883,"judge house bill 2267, which cut tenants’ right to a continuance in half, hadn’t yet been signed by gov. bill lee.",judge who judges thousands of eviction cases per year,0.4083113968372345
5,"in the statement, swann said the bill will help landlords free up apartments more quickly for the thousands of tennesseeans seeking a home. he also said it would help the apartment industry develop new apartments, but he didn’t make clear how it would.","in the statement, swann said the bill will help landlords free up apartments more quickly for the thousands of tennesseeans seeking a home. he also said it would help the apartment industry develop new apartments, but he didnât make clear how it would.",100,Named_Person,Named_Person,Yes,art swann,art swann,100,sen. (r-maryville),"sen., r-maryville",0.7687892317771912,"art swann (r-maryville), who sponsored the legislation in the senate, provided mlk50 with a statement but did not respond to follow-up questions.",,0.0,"sen. (r-maryville) art swann (r-maryville), who sponsored the legislation in the senate, provided mlk50 with a statement but did not respond to follow-up questions.","sen., r-maryville ",0.6622457504272461
6,"the tennessee association of realtors has been swann’s top funder since the start of 2009, according to the tennessee lookout, giving him $18,750. it has also given boyd $11,500 since 2009, making it his no. 6 funder.",,0,Named_Organization,,No,tennessee lookout,,0,,,0.0,,,0.0, ,,0.0
7,"while the difference of a week may not seem like much, rees said it can really matter for these renters since the pathways to avoiding eviction can take time to figure out.","while the difference of a week may not seem like much, rees said it can really matter for these renters since the pathways to avoiding eviction can take time to figure out.",100,Named_Person,Named_Person,Yes,brian rees,brian rees,100,"staff attorney, the works inc","staff attorney, the works inc.",1.0,"who has represented hundreds of tenants in eviction proceedings in recent years.,still, rees sees the legislation’s passage as a win. because even if landlords aren’t responsive, it will provide tenants with proof they’re requesting maintenance through the proper channels — proof lawyers like rees could theoretically use in their defense.,additionally, programs designed to help low-income renters, such as legal aid or rental assistance, often take days or weeks to approve requests. and if renters aren’t able to get help, the apartment complexes they turn to for shelter may not be quick to process their applications.",who has represented hundreds of tenants in eviction proceedings in recent years,0.9808676838874817,"staff attorney, the works inc who has represented hundreds of tenants in eviction proceedings in recent years.,still, rees sees the legislation’s passage as a win. because even if landlords aren’t responsive, it will provide tenants with proof they’re requesting maintenance through the proper channels — proof lawyers like rees could theoretically use in their defense.,additionally, programs designed to help low-income renters, such as legal aid or rental assistance, often take days or weeks to approve requests. and if renters aren’t able to get help, the apartment complexes they turn to for shelter may not be quick to process their applications.","staff attorney, the works inc. who has represented hundreds of tenants in eviction proceedings in recent years",1.0
8,"“it’s disheartening to see them make a change that will affect families who are struggling,” rees said.","âitâs disheartening to see them make a change that will affect families who are struggling,â rees said.",96,Named_Person,Named_Person,Yes,brian rees,brian rees,100,"staff attorney, the works inc","staff attorney, the works inc.",1.0,"who has represented hundreds of tenants in eviction proceedings in recent years.,still, rees sees the legislation’s passage as a win. because even if landlords aren’t responsive, it will provide tenants with proof they’re requesting maintenance through the proper channels — proof lawyers like rees could theoretically use in their defense.,additionally, programs designed to help low-income renters, such as legal aid or rental assistance, often take days or weeks to approve requests. and if renters aren’t able to get help, the apartment complexes they turn to for shelter may not be quick to process their applications.",who has represented hundreds of tenants in eviction proceedings in recent years,0.9808676838874817,"staff attorney, the works inc who has represented hundreds of tenants in eviction proceedings in recent years.,still, rees sees the legislation’s passage as a win. because even if landlords aren’t responsive, it will provide tenants with proof they’re requesting maintenance through the proper channels — proof lawyers like rees could theoretically use in their defense.,additionally, programs designed to help low-income renters, such as legal aid or rental assistance, often take days or weeks to approve requests. and if renters aren’t able to get help, the apartment complexes they turn to for shelter may not be quick to process their applications.","staff attorney, the works inc. who has represented hundreds of tenants in eviction proceedings in recent years",1.0
9,"“(tar) has the connection with a lot of legislators, especially on the commerce committee, where this was going to be,” thompson said. “(and) they were just ironclad.”","â(tar) has the connection with a lot of legislators, especially on the commerce committee, where this was going to be,â thompson said. â(and) they were just ironclad.â",100,Named_Person,Named_Person,Yes,dwayne thompson,dwayne thompson,100,rep. (d-cordova),"rep., d-cordova",0.8017616868019104,"thompson was able to pass one bill this year he thinks will help tenants. assuming the bill is signed by lee, it will require landlords to provide tenants with a phone number or online portal they can use to make maintenance requests.,this session, thompson thought he had a shot at amending state law to let memphis join its peer in middle tennessee — until he realized the tennessee association of realtors was dead set against him, no matter what compromises he offered them.",,0.0,"rep. (d-cordova) thompson was able to pass one bill this year he thinks will help tenants. assuming the bill is signed by lee, it will require landlords to provide tenants with a phone number or online portal they can use to make maintenance requests.,this session, thompson thought he had a shot at amending state law to let memphis join its peer in middle tennessee — until he realized the tennessee association of realtors was dead set against him, no matter what compromises he offered them.","rep., d-cordova ",0.39510488510131836
10,"during the subcommittee hearing, shelby county commissioner erika sugarmon and city of memphis division of public works director robert knecht endorsed it and two landlord representatives spoke against it.","during the subcommittee hearing, shelby county commissioner erika sugarmon and city of memphis division of public works director robert knecht endorsed it and two landlord representatives spoke against it..during the subcommittee hearing, shelby county commissioner erika sugarmon and city of memphis division of public works director robert knecht endorsed it and two landlord representatives spoke against it..during the subcommittee hearing, shelby county commissioner erika sugarmon and city of memphis division of public works director robert knecht endorsed it and two landlord representatives spoke against it.",100.0,Named_Person,Named_Person,Yes,erika sugarmon,erika sugarmon,100,shelby county commissioner,shelby county commissioner,1.0000001192092896,,,0.0,shelby county commissioner ,shelby county commissioner ,1.0000001192092896
11,"during the subcommittee hearing, shelby county commissioner erika sugarmon and city of memphis division of public works director robert knecht endorsed it and two landlord representatives spoke against it.","during the subcommittee hearing, shelby county commissioner erika sugarmon and city of memphis division of public works director robert knecht endorsed it and two landlord representatives spoke against it.",100,Named_Person,Named_Person,Yes,robert knecht,erika sugarmon,30,city of memphis division of public works director,shelby county commissioner,0.41420209407806396,,,0.0,city of memphis division of public works director ,shelby county commissioner ,0.41420209407806396
12,"during the subcommittee hearing, shelby county commissioner erika sugarmon and city of memphis division of public works director robert knecht endorsed it and two landlord representatives spoke against it.","during the subcommittee hearing, shelby county commissioner erika sugarmon and city of memphis division of public works director robert knecht endorsed it and two landlord representatives spoke against it.",100,Anonymous_Groups,Named_Person,No,landlord representatives,erika sugarmon,11,,shelby county commissioner,0.0,,,0.0, ,shelby county commissioner ,0.0
13,thompson told the subcommittee that registration had worked well for nashville but failed to convince them.,thompson told the subcommittee that registration had worked well for nashville but failed to convince them.,100,Named_Person,Named_Person,Yes,dwayne thompson,dwayne thompson,100,rep. (d-cordova),"rep., d-cordova",0.8017616868019104,"thompson was able to pass one bill this year he thinks will help tenants. assuming the bill is signed by lee, it will require landlords to provide tenants with a phone number or online portal they can use to make maintenance requests.,this session, thompson thought he had a shot at amending state law to let memphis join its peer in middle tennessee — until he realized the tennessee association of realtors was dead set against him, no matter what compromises he offered them.",,0.0,"rep. (d-cordova) thompson was able to pass one bill this year he thinks will help tenants. assuming the bill is signed by lee, it will require landlords to provide tenants with a phone number or online portal they can use to make maintenance requests.,this session, thompson thought he had a shot at amending state law to let memphis join its peer in middle tennessee — until he realized the tennessee association of realtors was dead set against him, no matter what compromises he offered them.","rep., d-cordova ",0.39510488510131836
14,"rep. pat marsh (r-shelbyville) said he opposed the bill because he doubted bad landlords would comply with it, making it ineffective.","rep. pat marsh (r-shelbyville) said he opposed the bill because he doubted bad landlords would comply with it, making it ineffective.",100,Named_Person,Named_Person,Yes,pat marsh,pat marsh,100,rep. (r-shelbyville),"rep., r-shelbyville",0.7417538166046143,,,0.0,rep. (r-shelbyville) ,"rep., r-shelbyville ",0.7417538166046143
15,"“how are you going to find the (bad actors)? it looks to me like the good people will do it but the bad people aren’t going to change,” marsh said during the subcommittee hearing.","âhow are you going to find the (bad actors)? it looks to me like the good people will do it but the bad people arenât going to change,â marsh said during the subcommittee hearing.",98,Named_Person,Named_Person,Yes,pat marsh,pat marsh,100,rep. (r-shelbyville),"rep., r-shelbyville",0.7417538166046143,,,0.0,rep. (r-shelbyville) ,"rep., r-shelbyville ",0.7417538166046143
16,"given tar’s opposition and the legislature itself having recently moved “much farther to the right,” in his experience, thompson said a shelby county rental registry is “probably not in the cards, for several years anyway.” though he’s not running for reelection, he’s hopeful whoever succeeds him will be able to find other ways to help cities deal with slumlords.","though heâs not running for reelection, heâs hopeful whoever succeeds him will be able to find other ways to help cities deal with slumlords.given tarâs opposition and the legislature itself having recently moved âmuch farther to the right,â in his experience, thompson said a shelby county rental registry is âprobably not in the cards, for several years anyway.â",98,Named_Person,Named_Person,Yes,dwayne thompson,dwayne thompson,100,rep. (d-cordova),"rep., d-cordova",0.8017616868019104,"thompson was able to pass one bill this year he thinks will help tenants. assuming the bill is signed by lee, it will require landlords to provide tenants with a phone number or online portal they can use to make maintenance requests.,this session, thompson thought he had a shot at amending state law to let memphis join its peer in middle tennessee — until he realized the tennessee association of realtors was dead set against him, no matter what compromises he offered them.",,0.0,"rep. (d-cordova) thompson was able to pass one bill this year he thinks will help tenants. assuming the bill is signed by lee, it will require landlords to provide tenants with a phone number or online portal they can use to make maintenance requests.,this session, thompson thought he had a shot at amending state law to let memphis join its peer in middle tennessee — until he realized the tennessee association of realtors was dead set against him, no matter what compromises he offered them.","rep., d-cordova ",0.39510488510131836
17,"while most landlords do this already, thompson said he’s heard from tenants who tell him they have no way of contacting their landlord or property manager about maintenance issues.","while most landlords do this already, thompson said heâs heard from tenants who tell him they have no way of contacting their landlord or property manager about maintenance issues.",100,Named_Person,Named_Person,Yes,dwayne thompson,dwayne thompson,100,rep. (d-cordova),"rep., d-cordova",0.8017616868019104,"thompson was able to pass one bill this year he thinks will help tenants. assuming the bill is signed by lee, it will require landlords to provide tenants with a phone number or online portal they can use to make maintenance requests.,this session, thompson thought he had a shot at amending state law to let memphis join its peer in middle tennessee — until he realized the tennessee association of realtors was dead set against him, no matter what compromises he offered them.",,0.0,"rep. (d-cordova) thompson was able to pass one bill this year he thinks will help tenants. assuming the bill is signed by lee, it will require landlords to provide tenants with a phone number or online portal they can use to make maintenance requests.,this session, thompson thought he had a shot at amending state law to let memphis join its peer in middle tennessee — until he realized the tennessee association of realtors was dead set against him, no matter what compromises he offered them.","rep., d-cordova ",0.39510488510131836
18,"“i really am happy to see that pass,” rees said. “i think it’s important that tenants do have good quality contact information for their property manager or owner.”","âi really am happy to see that pass,â rees said. âi think itâs important that tenants do have good quality contact information for their property manager or owner.â",95,Named_Person,Named_Person,Yes,brian rees,brian rees,100,"staff attorney, the works inc","staff attorney, the works inc.",1.0,"who has represented hundreds of tenants in eviction proceedings in recent years.,still, rees sees the legislation’s passage as a win. because even if landlords aren’t responsive, it will provide tenants with proof they’re requesting maintenance through the proper channels — proof lawyers like rees could theoretically use in their defense.,additionally, programs designed to help low-income renters, such as legal aid or rental assistance, often take days or weeks to approve requests. and if renters aren’t able to get help, the apartment complexes they turn to for shelter may not be quick to process their applications.",who has represented hundreds of tenants in eviction proceedings in recent years,0.9808676838874817,"staff attorney, the works inc who has represented hundreds of tenants in eviction proceedings in recent years.,still, rees sees the legislation’s passage as a win. because even if landlords aren’t responsive, it will provide tenants with proof they’re requesting maintenance through the proper channels — proof lawyers like rees could theoretically use in their defense.,additionally, programs designed to help low-income renters, such as legal aid or rental assistance, often take days or weeks to approve requests. and if renters aren’t able to get help, the apartment complexes they turn to for shelter may not be quick to process their applications.","staff attorney, the works inc. who has represented hundreds of tenants in eviction proceedings in recent years",1.0
19,,"still, rees sees the legislationâs passage as a win.",0,,Named_Person,No,,brian rees,0,,"staff attorney, the works inc.",0.0,,who has represented hundreds of tenants in eviction proceedings in recent years,0.0,,"staff attorney, the works inc. who has represented hundreds of tenants in eviction proceedings in recent years",0.0
20,,"to henderson, who judges thousands of eviction cases per year, the only explanation for such action was landlord lobbying.",0,,Named_Person,No,,deborah henderson,0,,judge,0.0,,who judges thousands of eviction cases per year,0.0,,judge who judges thousands of eviction cases per year,0.0
21,,"because even if landlords arenât responsive, it will provide tenants with proof theyâre requesting maintenance through the proper channels â proof lawyers like rees could theoretically use in their defense.",0,,Named_Person,No,,brian rees,0,,"staff attorney, the works inc.",0.0,,who has represented hundreds of tenants in eviction proceedings in recent years,0.0,,"staff attorney, the works inc. who has represented hundreds of tenants in eviction proceedings in recent years",0.0
22,"about nine months ago, the two men agreed he could withhold rent until repairs were made, he said.","about nine months ago, the two men agreed he could withhold rent until repairs were made, he said.",100,Named_Person,Named_Person,Yes,bryant woods,bryant woods,100,,,0.0,"one day last fall, bryant woods’ rotted-out flooring opened up beneath his 11-year-old daughter. major leaks in the rental home had allowed mold to thrive and rot to set in. in the winters, he was forced to use space heaters or his electric oven to stay warm since the heat didn’t work; for years, woods’ relationship with his longtime landlord has been deteriorating.","bryant woodsâ rotted-out flooring opened up beneath his 11-year-old daughter; major leaks in the rental home had allowed mold to thrive and rot to set in; in the winters, he was forced to use space heaters or his electric oven to stay warm since the heat didnât work; for years, woodsâ relationship with his longtime landlord has been deteriorating.",0.9957351684570312," one day last fall, bryant woods’ rotted-out flooring opened up beneath his 11-year-old daughter. major leaks in the rental home had allowed mold to thrive and rot to set in. in the winters, he was forced to use space heaters or his electric oven to stay warm since the heat didn’t work; for years, woods’ relationship with his longtime landlord has been deteriorating."," bryant woodsâ rotted-out flooring opened up beneath his 11-year-old daughter; major leaks in the rental home had allowed mold to thrive and rot to set in; in the winters, he was forced to use space heaters or his electric oven to stay warm since the heat didnât work; for years, woodsâ relationship with his longtime landlord has been deteriorating.",0.9957351684570312
23,"he couldn’t prove his missed rent payments were part of a verbal agreement, so the judge granted the property owner’s request and told woods his family had 10 days to move.",,0,Anonymous_Person,,No,judge,,0,,,0.0,,,0.0, ,,0.0
24,"the cash didn’t make it to mals until february 2024, due to problems with how the county commission resolution was originally drafted, henderson said.","but receiving the money from the county turned into an adventure. the cash didnât make it to mals until february 2024, due to problems with how the county commission resolution was originally drafted, henderson said. by then, ettingoff was no longer with mals, and the interim executive director, loyce lambert ryan, was dealing with the fallout of a major cyber attack. ultimately, mals wasnât able to launch the program in earnest until june..recently, mals worked with a woman who was living in a house that âshould not be lived in by anyoneâ and was starting to fall behind on rent, henderson said. it seemed like a case headed toward an eviction for the tenant, a code violation for the landlord or both. but with malsâ help, the landlord is making repairs, and the tenant is using some leftover rental assistance funds to catch up on rent.",100.0,Named_Person,Named_Person,Yes,deborah henderson,deborah henderson,100,judge,judge,1.0000001192092896,"to drum up more business, henderson and mals attorney cedric harris, who is leading the program, have been spending a few nights and weekends this summer speaking to churches, on radio shows and at other events.,to reduce such evictions, one of the court’s judges, deborah henderson; shelby county commissioner erika sugarmon; and cindy ettingoff, then-ceo of memphis area legal services, last summer secured $240,000 in the county budget to pilot a pre-litigation mediation program for landlord-tenant disputes.",one of the courtâs judges,0.9553031921386719,"judge to drum up more business, henderson and mals attorney cedric harris, who is leading the program, have been spending a few nights and weekends this summer speaking to churches, on radio shows and at other events.,to reduce such evictions, one of the court’s judges, deborah henderson; shelby county commissioner erika sugarmon; and cindy ettingoff, then-ceo of memphis area legal services, last summer secured $240,000 in the county budget to pilot a pre-litigation mediation program for landlord-tenant disputes.",judge one of the courtâs judges,0.9151142835617065
25,but henderson has been happy with the results since then.,,0,Named_Person,,No,deborah henderson,,0,judge,,0.0,"to drum up more business, henderson and mals attorney cedric harris, who is leading the program, have been spending a few nights and weekends this summer speaking to churches, on radio shows and at other events.,to reduce such evictions, one of the court’s judges, deborah henderson; shelby county commissioner erika sugarmon; and cindy ettingoff, then-ceo of memphis area legal services, last summer secured $240,000 in the county budget to pilot a pre-litigation mediation program for landlord-tenant disputes.",,0.0,"judge to drum up more business, henderson and mals attorney cedric harris, who is leading the program, have been spending a few nights and weekends this summer speaking to churches, on radio shows and at other events.,to reduce such evictions, one of the court’s judges, deborah henderson; shelby county commissioner erika sugarmon; and cindy ettingoff, then-ceo of memphis area legal services, last summer secured $240,000 in the county budget to pilot a pre-litigation mediation program for landlord-tenant disputes.",,0.0
26,"recently, mals worked with a woman who was living in a house that “should not be lived in by anyone” and was starting to fall behind on rent, henderson said.",,0,Named_Person,,No,deborah henderson,,0,judge,,0.0,"to drum up more business, henderson and mals attorney cedric harris, who is leading the program, have been spending a few nights and weekends this summer speaking to churches, on radio shows and at other events.,to reduce such evictions, one of the court’s judges, deborah henderson; shelby county commissioner erika sugarmon; and cindy ettingoff, then-ceo of memphis area legal services, last summer secured $240,000 in the county budget to pilot a pre-litigation mediation program for landlord-tenant disputes.",,0.0,"judge to drum up more business, henderson and mals attorney cedric harris, who is leading the program, have been spending a few nights and weekends this summer speaking to churches, on radio shows and at other events.,to reduce such evictions, one of the court’s judges, deborah henderson; shelby county commissioner erika sugarmon; and cindy ettingoff, then-ceo of memphis area legal services, last summer secured $240,000 in the county budget to pilot a pre-litigation mediation program for landlord-tenant disputes.",,0.0
27,though the program has only helped a couple of tenants so far — not 300 — henderson believes it’s already proving its value.,,0,Named_Person,,No,deborah henderson,,0,judge,,0.0,"to drum up more business, henderson and mals attorney cedric harris, who is leading the program, have been spending a few nights and weekends this summer speaking to churches, on radio shows and at other events.,to reduce such evictions, one of the court’s judges, deborah henderson; shelby county commissioner erika sugarmon; and cindy ettingoff, then-ceo of memphis area legal services, last summer secured $240,000 in the county budget to pilot a pre-litigation mediation program for landlord-tenant disputes.",,0.0,"judge to drum up more business, henderson and mals attorney cedric harris, who is leading the program, have been spending a few nights and weekends this summer speaking to churches, on radio shows and at other events.,to reduce such evictions, one of the court’s judges, deborah henderson; shelby county commissioner erika sugarmon; and cindy ettingoff, then-ceo of memphis area legal services, last summer secured $240,000 in the county budget to pilot a pre-litigation mediation program for landlord-tenant disputes.",,0.0
28,"there are no income limits or income requirements, if you’re a tenant who is having trouble with your landlord, you need to give us a call. … if you’re a landlord and you have a troublesome tenant … give us a call.","âthere are no income limits or income requirements,â henderson told a wlok-am audience earlier this summer. âif youâre a tenant who is having trouble with your landlord, you need to give us a call. â¦ if youâre a landlord and you have a troublesome tenant â¦ give us a call.â",100,Named_Person,Named_Person,Yes,deborah henderson,deborah henderson,100,judge,judge,1.0000001192092896,"to drum up more business, henderson and mals attorney cedric harris, who is leading the program, have been spending a few nights and weekends this summer speaking to churches, on radio shows and at other events.,to reduce such evictions, one of the court’s judges, deborah henderson; shelby county commissioner erika sugarmon; and cindy ettingoff, then-ceo of memphis area legal services, last summer secured $240,000 in the county budget to pilot a pre-litigation mediation program for landlord-tenant disputes.",one of the courtâs judges,0.9553031921386719,"judge to drum up more business, henderson and mals attorney cedric harris, who is leading the program, have been spending a few nights and weekends this summer speaking to churches, on radio shows and at other events.,to reduce such evictions, one of the court’s judges, deborah henderson; shelby county commissioner erika sugarmon; and cindy ettingoff, then-ceo of memphis area legal services, last summer secured $240,000 in the county budget to pilot a pre-litigation mediation program for landlord-tenant disputes.",judge one of the courtâs judges,0.9151142835617065
29,"nicole grida, the new mals ceo, said her team has started creating marketing materials for the program, building partnerships with local nonprofits and screening folks who call in for other services to see if they will fit the program’s criteria, which has resulted in many promising leads.",,0,Named_Person,,No,nicole grida,,0,"ceo, mals",,0.0,"its leaders are scheduled to present to the county commission at the end of 2024, in hopes they can receive additional county funding after this first $240,000 runs out in february 2025.",,0.0,"ceo, mals its leaders are scheduled to present to the county commission at the end of 2024, in hopes they can receive additional county funding after this first $240,000 runs out in february 2025.",,0.0
30,"for the program to succeed, grida said raising greater awareness will be key, as most memphians it could help don’t yet know it exists.","for the program to succeed, grida said raising greater awareness will be key, as most memphians it could help donât yet know it exists.",100,Named_Person,Named_Person,Yes,nicole grida,nicole grida,100,"ceo, mals",mals ceo,0.7362748384475708,"its leaders are scheduled to present to the county commission at the end of 2024, in hopes they can receive additional county funding after this first $240,000 runs out in february 2025.",the new mals ceo,0.2064691185951233,"ceo, mals its leaders are scheduled to present to the county commission at the end of 2024, in hopes they can receive additional county funding after this first $240,000 runs out in february 2025.",mals ceo the new mals ceo,0.6331812143325806
31,"woods’ case, for instance, sounded like a perfect fit for mediation, henderson said, if only they’d found him before the eviction was filed.","woodsâ case, for instance, sounded like a perfect fit for mediation, henderson said, if only theyâd found him before the eviction was filed.",100,Named_Person,Named_Person,Yes,deborah henderson,deborah henderson,100,judge,judge,1.0000001192092896,"to drum up more business, henderson and mals attorney cedric harris, who is leading the program, have been spending a few nights and weekends this summer speaking to churches, on radio shows and at other events.,to reduce such evictions, one of the court’s judges, deborah henderson; shelby county commissioner erika sugarmon; and cindy ettingoff, then-ceo of memphis area legal services, last summer secured $240,000 in the county budget to pilot a pre-litigation mediation program for landlord-tenant disputes.",one of the courtâs judges,0.9553031921386719,"judge to drum up more business, henderson and mals attorney cedric harris, who is leading the program, have been spending a few nights and weekends this summer speaking to churches, on radio shows and at other events.,to reduce such evictions, one of the court’s judges, deborah henderson; shelby county commissioner erika sugarmon; and cindy ettingoff, then-ceo of memphis area legal services, last summer secured $240,000 in the county budget to pilot a pre-litigation mediation program for landlord-tenant disputes.",judge one of the courtâs judges,0.9151142835617065
32,"“we could have drafted a document that ensured the landlord (followed the verbal agreement),” she said.","âwe could have drafted a document that ensured the landlord (followed the verbal agreement),â she said.",98,Named_Person,Named_Person,Yes,deborah henderson,deborah henderson,100,judge,judge,1.0000001192092896,"to drum up more business, henderson and mals attorney cedric harris, who is leading the program, have been spending a few nights and weekends this summer speaking to churches, on radio shows and at other events.,to reduce such evictions, one of the court’s judges, deborah henderson; shelby county commissioner erika sugarmon; and cindy ettingoff, then-ceo of memphis area legal services, last summer secured $240,000 in the county budget to pilot a pre-litigation mediation program for landlord-tenant disputes.",one of the courtâs judges,0.9553031921386719,"judge to drum up more business, henderson and mals attorney cedric harris, who is leading the program, have been spending a few nights and weekends this summer speaking to churches, on radio shows and at other events.,to reduce such evictions, one of the court’s judges, deborah henderson; shelby county commissioner erika sugarmon; and cindy ettingoff, then-ceo of memphis area legal services, last summer secured $240,000 in the county budget to pilot a pre-litigation mediation program for landlord-tenant disputes.",judge one of the courtâs judges,0.9151142835617065
33,"thankfully, he found something just in time — a three-bedroom townhouse in whitehaven with an “undesirable” exterior but is “fairly nice” inside.",,0,Named_Person,,No,bryant woods,,0,,,0.0,"one day last fall, bryant woods’ rotted-out flooring opened up beneath his 11-year-old daughter. major leaks in the rental home had allowed mold to thrive and rot to set in. in the winters, he was forced to use space heaters or his electric oven to stay warm since the heat didn’t work; for years, woods’ relationship with his longtime landlord has been deteriorating.",,0.0," one day last fall, bryant woods’ rotted-out flooring opened up beneath his 11-year-old daughter. major leaks in the rental home had allowed mold to thrive and rot to set in. in the winters, he was forced to use space heaters or his electric oven to stay warm since the heat didn’t work; for years, woods’ relationship with his longtime landlord has been deteriorating.",,0.0
34,"meanwhile, grida said mals is looking for other funders interested in backing the effort.","meanwhile, grida said mals is looking for other funders interested in backing the effort.",100,Named_Person,Named_Person,Yes,nicole grida,nicole grida,100,"ceo, mals",mals ceo,0.7362748384475708,"its leaders are scheduled to present to the county commission at the end of 2024, in hopes they can receive additional county funding after this first $240,000 runs out in february 2025.",the new mals ceo,0.2064691185951233,"ceo, mals its leaders are scheduled to present to the county commission at the end of 2024, in hopes they can receive additional county funding after this first $240,000 runs out in february 2025.",mals ceo the new mals ceo,0.6331812143325806
35,"henderson believes the program will require a much longer pilot period before it’s able to produce the proof necessary to create a housing court. but, despite the rough start, she remains “very hopeful” for its future.",,0,Named_Person,,No,deborah henderson,,0,judge,,0.0,"to drum up more business, henderson and mals attorney cedric harris, who is leading the program, have been spending a few nights and weekends this summer speaking to churches, on radio shows and at other events.,to reduce such evictions, one of the court’s judges, deborah henderson; shelby county commissioner erika sugarmon; and cindy ettingoff, then-ceo of memphis area legal services, last summer secured $240,000 in the county budget to pilot a pre-litigation mediation program for landlord-tenant disputes.",,0.0,"judge to drum up more business, henderson and mals attorney cedric harris, who is leading the program, have been spending a few nights and weekends this summer speaking to churches, on radio shows and at other events.,to reduce such evictions, one of the court’s judges, deborah henderson; shelby county commissioner erika sugarmon; and cindy ettingoff, then-ceo of memphis area legal services, last summer secured $240,000 in the county budget to pilot a pre-litigation mediation program for landlord-tenant disputes.",,0.0
36,"they said that the subsidiary would be controlled by the nonprofit board and that each director’s fiduciary duty would be to “humanity, not openai investors,” the company said on its website.","they said that the subsidiary would be controlled by the nonprofit board and that each directorâs fiduciary duty would be to âhumanity, not openai investors,â the company said on its website.",100,Named_Organization,Named_Organization,Yes,openai,openai,100,,,0.0,the company said on its website.,,0.0, the company said on its website., ,0.0
37,"mr. altman complained that the research paper seemed to criticize openai’s efforts to keep its a.i. technologies safe while praising the approach taken by anthropic, a company that has become openai’s biggest rival, according to an email that mr. altman wrote to colleagues and that was viewed by the new york times.","mr. altman complained that the research paper seemed to criticize openaiâs efforts to keep its a.i. technologies safe while praising the approach taken by anthropic, a company that has become openaiâs biggest rival, according to an email that mr. altman wrote to colleagues and that was viewed by the new york times.",100,Documents,Documents,Yes,,email,0,,,0.0,according to an email that mr. altman wrote to colleagues and that was viewed by the new york times,an email that mr. altman wrote to colleagues and that was viewed by the new york times,0.9630908966064453, according to an email that mr. altman wrote to colleagues and that was viewed by the new york times, an email that mr. altman wrote to colleagues and that was viewed by the new york times,0.9630908966064453
38,"in the email, mr. altman said that he had reprimanded ms. toner for the paper and that it was dangerous to the company, particularly at a time, he added, when the federal trade commission was investigating openai over the data used to build its technology.","in the email, mr. altman said that he had reprimanded ms. toner for the paper and that it was dangerous to the company, particularly at a time, he added, when the federal trade commission was investigating openai over the data used to build its technology.",100,Documents,Documents,Yes,,email,0,,,0.0,according to an email that mr. altman wrote to colleagues and that was viewed by the new york times,an email that mr. altman wrote to colleagues and that was viewed by the new york times,0.9630908966064453, according to an email that mr. altman wrote to colleagues and that was viewed by the new york times, an email that mr. altman wrote to colleagues and that was viewed by the new york times,0.9630908966064453
39,"“i did not feel we’re on the same page on the damage of all this,” he wrote in the email. “any amount of criticism from a board member carries a lot of weight.”","âi did not feel weâre on the same page on the damage of all this,â he wrote in the email. âany amount of criticism from a board member carries a lot of weight.â",94,Documents,Named_Person,No,,sam altman,0,,chief executive of openai,0.0,according to an email that mr. altman wrote to colleagues and that was viewed by the new york times,chief executive of openai,0.2382594347000122, according to an email that mr. altman wrote to colleagues and that was viewed by the new york times,chief executive of openai chief executive of openai,0.2010277658700943
40,"senior openai leaders, including mr. sutskever, who is deeply concerned that a.i. could one day destroy humanity, later discussed whether ms. toner should be removed, a person involved in the conversations said.","in 2015, mr. altman teamed with elon musk and others, including mr. sutskever, to create a nonprofit to build a.i. that was safe and beneficial to humanity..the news that he was being pushed out came in a videoconference on friday afternoon, when mr. sutskever, who had worked closely with mr. altman at openai for eight years, read him a statement..senior openai leaders, including mr. sutskever, who is deeply concerned that a.i. could one day destroy humanity, later discussed whether ms. toner should be removed",100.0,Anonymous_Source,Anonymous_Person,No,,,100,,,0.0,a person involved in the conversations,,0.0, a person involved in the conversations, ,0.0
41,"but shortly after those discussions, mr. sutskever did the unexpected: he sided with board members to oust mr. altman, according to two people familiar with the board’s deliberations.","but shortly after those discussions, mr. sutskever did the unexpected: he sided with board members to oust mr. altman",100,Anonymous_Source,Anonymous_Person,No,,,100,,,0.0,according to two people familiar with the board’s deliberations.,,0.0, according to two people familiar with the board’s deliberations., ,0.0
42,the statement he read to mr. altman said that mr. altman was being fired because he wasn’t “consistently candid in his communications with the board.”,the statement he read to mr. altman said that mr. altman was being fired because he wasnât âconsistently candid in his communications with the board.â,96,Documents,Anonymous_Groups,No,,board members,0,,,0.0,,openaiâs board of directors,0.0, , openaiâs board of directors,0.0
43,"that scientist and other researchers went to the board to try to push mr. altman out. after they failed, they gave up and departed, according to three people familiar with the attempt to push mr. altman out.","that scientist and other researchers went to the board to try to push mr. altman out..after they failed, they gave up and departed",100.0,Anonymous_Source,Anonymous_Person,No,,,100,,,0.0,according to three people familiar with the attempt to push mr. altman out.,,0.0, according to three people familiar with the attempt to push mr. altman out., ,0.0
44,"“after a series of reasonably amicable negotiations, the co-founders of anthropic were able to negotiate their exit on mutually agreeable terms,” an anthropic spokeswoman, sally aldous, said.","âafter a series of reasonably amicable negotiations, the co-founders of anthropic were able to negotiate their exit on mutually agreeable terms,â",100,Named_Person,Named_Person,Yes,sally aldous,sally aldous,100,anthropic spokeswoman,an anthropic spokeswoman,0.9843642711639404,,an anthropic spokeswoman,0.0,anthropic spokeswoman ,an anthropic spokeswoman an anthropic spokeswoman,0.9502474665641785
45,"in a second statement, anthropic added that there was “no attempt to ‘oust’ sam altman at the time the founders of anthropic left openai.”","in a second statement, anthropic added that there was âno attempt to âoustâ sam altman at the time the founders of anthropic left openai.â",100,Named_Organization,Named_Organization,Yes,anthropic,anthropic,100,,,0.0,"a second statement,",openaiâs biggest rival,0.12252187728881836," a second statement,", openaiâs biggest rival,0.12252187728881836
46,"after vetting four candidates for one position, the remaining directors couldn’t agree on who should fill it, said the two people familiar with the board’s deliberations.","after vetting four candidates for one position, the remaining directors couldnât agree on who should fill it",100,Anonymous_Source,Anonymous_Person,No,,,100,,,0.0,said the two people familiar with the board’s deliberations.,,0.0, said the two people familiar with the board’s deliberations., ,0.0
47,"hours after mr. altman was ousted, openai executives confronted the remaining board members during a video call, according to three people who were on the call.",,0,Anonymous_Source,,No,,,100,,,0.0,according to three people who were on the call.,,0.0, according to three people who were on the call.,,0.0
48,"during the call, jason kwon, openai’s chief strategy officer, said the board was endangering the future of the company by pushing out mr. altman. this, he said, violated the members’ responsibilities.","during the call, jason kwon, openaiâs chief strategy officer, said the board was endangering the future of the company by pushing out mr. altman..this, he said, violated the membersâ responsibilities.",100.0,Anonymous_Source,Named_Person,No,,jason kwon,0,,openaiâs chief strategy officer,0.0,according to three people who were on the call.,openaiâs chief strategy officer,0.1165265440940857, according to three people who were on the call.,openaiâs chief strategy officer openaiâs chief strategy officer,0.12408258765935898
49,"ms. toner disagreed. the board’s mission was to ensure that the company creates artificial intelligence that “benefits all of humanity,” and if the company was destroyed, she said, that could be consistent with its mission. in the board’s view, openai would be stronger without mr. altman.","ms. toner disagreed..but mr. altman disagreed..the boardâs mission was to ensure that the company creates artificial intelligence that âbenefits all of humanity,â and if the company was destroyed, she said, that could be consistent with its mission..in the boardâs view, openai would be stronger without mr. altman.",100.0,Anonymous_Source,Named_Person,No,,helen toner,0,,an openai board member and a director of strategy at georgetown universityâs center for security and emerging technology,0.0,according to three people who were on the call.,an openai board member and a director of strategy at georgetown universityâs center for security and emerging technology,0.024134961888194084, according to three people who were on the call.,an openai board member and a director of strategy at georgetown universityâs center for security and emerging technology an openai board member and a director of strategy at georgetown universityâs center for security and emerging technology,0.05585850775241852
50,"on sunday, mr. sutskever was urged at openai’s office to reverse course by mr. brockman’s wife, anna, according to two people familiar with the exchange.","on sunday, mr. sutskever was urged at openaiâs office to reverse course by mr. brockmanâs wife, anna",100,Anonymous_Source,Anonymous_Person,No,,,100,,,0.0,according to two people familiar with the exchange.,,0.0, according to two people familiar with the exchange., ,0.0
51,the confrontation between mr. sutskever and ms. brockman was reported earlier by the wall street journal.,,0,Named_Organization,,No,the wall street journal,,0,,,0.0,,,0.0, ,,0.0
52,"at 5:15 a.m. on monday, he posted on x, formerly twitter, that “i deeply regret my participation in the board’s actions.”","at 5:15 a.m. on monday, he posted on x, formerly twitter, that âi deeply regret my participation in the boardâs actions.â",100,Named_Person,Named_Person,Yes,ilya sutskever,ilya sutskever,100,,openai board member,0.0,posted on x,openai board member,0.22085145115852356, posted on x,openai board member openai board member,0.188410222530365
53,,"before sam altman was ousted from openai last week, he and the companyâs board of directors had been bickering for more than a year.",0,,Anonymous_Person,No,,,100,,,0.0,,,0.0,, ,0.0
54,,"at one point, mr. altman, the chief executive, made a move to push out one of the boardâs members because he thought a research paper she had co-written was critical of the company.",0,,Anonymous_Person,No,,,100,,,0.0,,,0.0,, ,0.0
55,,"another member, ilya sutskever, thought mr. altman was not always being honest when talking with the board.",0,,Anonymous_Person,No,,,100,,,0.0,,,0.0,, ,0.0
56,,and some board members worried that mr. altman was too focused on expansion while they wanted to balance that growth with a.i. safety.,0,,Anonymous_Person,No,,,100,,,0.0,,,0.0,, ,0.0
57,,the decision stunned openaiâs employees and exposed board members to tough questions about their qualifications to manage such a high-profile company.,0,,Anonymous_Person,No,,,100,,,0.0,,,0.0,, ,0.0
58,,the openai debacle has illustrated how building a.i. systems is testing whether businesspeople who want to make money from artificial intelligence can work in sync with researchers who worry that what they are building could eventually eliminate jobs or become a threat if technologies like autonomous weapons grow out of control.,0,,Anonymous_Person,No,,,100,,,0.0,,,0.0,, ,0.0
59,,openai was started in 2015 with an ambitious plan to one day create a superintelligent automated system that can do everything a human brain can do.,0,,Anonymous_Person,No,,,100,,,0.0,,,0.0,, ,0.0
60,,"but friction plagued the companyâs board, which hadnât even been able to agree on replacements for members who had stepped down.",0,,Anonymous_Person,No,,,100,,,0.0,,,0.0,, ,0.0
61,,"nearly all of openaiâs 800 employees had threatened to follow mr. altman to microsoft, which asked him to lead an a.i. lab with greg brockman, who quit his roles as openaiâs president and board chairman in solidarity with mr. altman.",0,,Anonymous_Person,No,,,100,,,0.0,,,0.0,, ,0.0
62,,the board had told mr. brockman that he would no longer be openaiâs chairman but invited him to stay on at the company â though he was not invited to the meeting where the decision was made to push him off the board and mr. altman out of the company.,0,,Anonymous_Person,No,,,100,,,0.0,,,0.0,, ,0.0
63,,"hours later, he signed a letter with other employees that demanded the independent directors resign.",0,,Anonymous_Person,No,,,100,,,0.0,,,0.0,, ,0.0
64,,they planned to raise money from private donors for their mission.,0,,Anonymous_Person,No,,,100,,,0.0,,,0.0,, ,0.0
65,,"but within a few years, they realized that their computing needs required much more funding than they could raise from individuals.",0,,Anonymous_Person,No,,,100,,,0.0,,,0.0,, ,0.0
66,,"after mr. musk left in 2018, they created a for-profit subsidiary that began raising billions of dollars from investors, including $1 billion from microsoft.",0,,Anonymous_Person,No,,,100,,,0.0,,,0.0,, ,0.0
67,,ms. toner defended it as an academic paper that analyzed the challenges that the public faces when trying to understand the intentions of the countries and companies developing a.i.,0,,Named_Person,No,,helen toner,0,,an openai board member and a director of strategy at georgetown universityâs center for security and emerging technology,0.0,,an openai board member and a director of strategy at georgetown universityâs center for security and emerging technology,0.0,,an openai board member and a director of strategy at georgetown universityâs center for security and emerging technology an openai board member and a director of strategy at georgetown universityâs center for security and emerging technology,0.0
68,,mr. sutskeverâs frustration with mr. altman echoed what had happened in 2021 when another senior a.i. scientist left openai to form anthropic.,0,,Anonymous_Person,No,,,100,,,0.0,,,0.0,, ,0.0
69,,the stalemate hardened the divide between mr. altman and mr. brockman and other board members.,0,,Anonymous_Person,No,,,100,,,0.0,,,0.0,, ,0.0
70,"it’s the product of a perverse feedback loop that was flagged by a columbia university study undertaken of the 2106 electorate with the support of the poor people’s campaign, which studied the low-wage voter cohort and found a majority of them did not vote and when they were surveyed they explained they didn’t turn out because they didn’t hear candidates discuss issues that had any relevancy to their lives.","itâs the product of a perverse feedback loop that was flagged by a columbia university study undertaken of the 2106 electorate with the support of the poor peopleâs campaign, which studied the low-wage voter cohort and found a majority of them did not vote and when they were surveyed they explained they didnât turn out because they didnât hear candidates discuss issues that had any relevancy to their lives.",98,Documents,Documents,Yes,columbia university study,columbia university study,100,,,0.0,,"a columbia university study undertaken of the 2106 electorate with the support of the poor peopleâs campaign, which studied the low-wage voter cohort",0.0, ," a columbia university study undertaken of the 2106 electorate with the support of the poor peopleâs campaign, which studied the low-wage voter cohort",0.0
71,"columbia university researcher robert paul hartley found that only 46 percent of voters with household income less than twice the federal poverty rate cast a ballot in 2016, as compared to a 68 percent turnout rate for voters who had a household income more than twice the poverty line.","columbia university researcher robert paul hartley found that only 46 percent of voters with household income less than twice the federal poverty rate cast a ballot in 2016, as compared to a 68 percent turnout rate for voters who had a household income more than twice the poverty line.",100,Named_Person,Named_Person,Yes,robert paul hartley,robert paul hartley,100,columbia university researcher,columbia university researcher,1.0,,columbia university researcher,0.0,columbia university researcher ,columbia university researcher columbia university researcher,0.971853494644165
72,"“they’re saying that they’re not voting because people are not speaking to their issues and that they’re just not interested in those candidates,” hartley, told the new york times “but it’s not that they couldn’t be.”","âtheyâre saying that theyâre not voting because people are not speaking to their issues and that theyâre just not interested in those candidates,â hartley, told the new york times âbut itâs not that they couldnât be.â",95,Named_Person,Named_Person,Yes,robert paul hartley,robert paul hartley,100,columbia university researcher,columbia university researcher,1.0,,columbia university researcher,0.0,columbia university researcher ,columbia university researcher columbia university researcher,0.971853494644165
73,"""in 2024, the election is going to be about mobilization,” lake told reporters. “there is no question that the biggest contest between the two parties is going to be who can get their voters out to vote. democrats have an enthusiasm gap today, and the progressive alliance and democrats have fissures within their constituency that makes getting out the vote even more important. the biggest bloc of potential voters by far is low-income, low-wage voters. increased participation even by miniscule percentages could be game changers. it is a massive voter engagement that is being started here today.”","in 2024, the election is going to be about mobilization,â lake told reporters. âthere is no question that the biggest contest between the two parties is going to be who can get their voters out to vote. democrats have an enthusiasm gap today, and the progressive alliance and democrats have fissures within their constituency that makes getting out the vote even more important. the biggest bloc of potential voters by far is low-income, low-wage voters. increased participation even by miniscule percentages could be game changers. it is a massive voter engagement that is being started here today.â",100,Named_Person,Named_Person,Yes,celinda lake,celinda lake,100,"president, lake research partners",respected pollster; president of lake research partners,0.6603531837463379,"they were joined by respected pollster celinda lake, president of lake research partners.","respected pollster celinda lake, president of lake research partners",0.9897177219390869,"president, lake research partners they were joined by respected pollster celinda lake, president of lake research partners.","respected pollster; president of lake research partners respected pollster celinda lake, president of lake research partners",0.9897177219390869
74,"the poor people’s campaign is planning simultaneous actions on march 2 at over 30 state capitols to launch “the campaign and highlight the policies being promulgated in state houses across the country that are hurting the poor or distracting from addressing the real issues facing poor and low-wealth people,” according to the ppc","the poor peopleâs campaign is planning simultaneous actions on march 2 at over 30 state capitols to launch âthe campaign and highlight the policies being promulgated in state houses across the country that are hurting the poor or distracting from addressing the real issues facing poor and low-wealth people,â according to the ppc.",99,Named_Organization,Named_Organization,Yes,poor people’s campaign,poor peopleâs campaign,91,,,0.0,,"the poor peopleâs campaign; ppc,the poor peopleâs campaign",0.0, ," the poor peopleâs campaign; ppc,the poor peopleâs campaign",0.0
75,"the targeted states include alabama, arizona, california, the district of columbia, delaware, florida, georgia, illinois, indiana, kansas, kentucky, massachusetts, maryland, maine, michigan, missouri, mississippi, nebraska, north carolina, new jersey, new york, ohio, oklahoma, pennsylvania, rhode island, south carolina, tennessee, texas, vermont, washington, wisconsin, and west virginia.",,0,Named_Organization,,No,poor people’s campaign,,0,,,0.0,,,0.0, ,,0.0
76,"“for far too long extremists have blamed poor people and low wage people for their plight while moderates too often have ignored poor people, appealing instead to the so-called middle class while the poor and low wage people have become nearly half of this country,” barber told reporters. “poor and low wage people have the power to determine and decide the 2024 elections and elections beyond. in the 2016 election there were 34 million poor and low wealth people eligible to vote but didn’t. these voters made up more than a quarter of the electorate.”","âfor far too long extremists have blamed poor people and low wage people for their plight while moderates too often have ignored poor people, appealing instead to the so-called middle class while the poor and low wage people have become nearly half of this country,â barber told reporters. âpoor and low wage people have the power to determine and decide the 2024 elections and elections beyond. in the 2016 election there were 34 million poor and low wealth people eligible to vote but didnât. these voters made up more than a quarter of the electorate.â",100,Named_Person,Named_Person,Yes,barber,william barber,60,,rev. dr.,0.0,,"the poor peopleâs campaign, under the leadership of barber",0.0, ,"rev. dr. the poor peopleâs campaign, under the leadership of barber",0.0
77,“poor and low wage people have the power to determine and decide the 2024 elections and elections beyond. in the 2016 election there were 34 million poor and low wealth people eligible to vote but didn’t. these voters made up more than a quarter of the electorate.”,"âfor far too long extremists have blamed poor people and low wage people for their plight while moderates too often have ignored poor people, appealing instead to the so-called middle class while the poor and low wage people have become nearly half of this country,â barber told reporters. âpoor and low wage people have the power to determine and decide the 2024 elections and elections beyond. in the 2016 election there were 34 million poor and low wealth people eligible to vote but didnât. these voters made up more than a quarter of the electorate.â",98,Named_Person,Named_Person,Yes,william barber,william barber,100,rev.dr.,rev. dr.,0.8228467702865601,,"the poor peopleâs campaign, under the leadership of barber",0.0,rev.dr. ,"rev. dr. the poor peopleâs campaign, under the leadership of barber",0.8228467702865601
78,"“poverty is now the fourth leading crisis of death in america, a moral crisis in america taking the lives of 800 people a day and this is before and after covid…these are the issues that must be at the center of the narrative of a democracy in our country. if we are serious about saving the democracy it can’t be some philosophical term. saving the democracy must be a third reconstruction where people are paid a living wage—where people have health care—where public education is fully funded and where voting rights are protected and expanded.”","âpoverty is now the fourth leading crisis of death in america, a moral crisis in america taking the lives of 800 people a day and this is before and after covidâ¦these are the issues that must be at the center of the narrative of a democracy in our country. if we are serious about saving the democracy it canât be some philosophical term. saving the democracy must be a third reconstruction where people are paid a living wageâwhere people have health careâwhere public education is fully funded and where voting rights are protected and expanded.â",99,Named_Person,Named_Person,Yes,william barber,william barber,100,rev.dr.,rev. dr.,0.8228467702865601,,"the poor peopleâs campaign, under the leadership of barber",0.0,rev.dr. ,"rev. dr. the poor peopleâs campaign, under the leadership of barber",0.8228467702865601
79,barber called out by name eight moderate u.s. senate democrats that in 2021 joined with the republicans to defeat raising the minimum wage to $1 from the $7.25 where it has been stuck since 2009 when obama was president.,,0,Named_Person,,No,william barber,,0,rev.dr.,,0.0,,,0.0,rev.dr. ,,0.0
80,"speakers at the press conference referenced congress’s decision to roll back the expansion of the earned income child tax credit, which caused a major spike in childhood poverty and the biden administration’s decision to let states “unwind” medicaid when the white house declared the pandemic was over.",,0,Anonymous_Groups,,No,speakers,,0,,,0.0,"as a consequence, several million people lost their subsidized coverage including over three million children.",,0.0," as a consequence, several million people lost their subsidized coverage including over three million children.",,0.0
81,"“we are mobilizing, organizing, registering and educating people for a movement that votes, votes for healthcare and debt cancellation, votes for living wages and string anti-poverty programs and votes for fair taxes and the demilitarizing of our communities and world,” said rev. dr. liz theoharis who noted that since the last presidential election close to 1,000 voter suppression bills have been introduced “that impacts poor and low income people the most.”","âwe are mobilizing, organizing, registering and educating people for a movement that votes, votes for healthcare and debt cancellation, votes for living wages and string anti-poverty programs and votes for fair taxes and the demilitarizing of our communities and world,â said rev. dr. liz theoharis who noted that since the last presidential election close to 1,000 voter suppression bills have been introduced âthat impacts poor and low income people the most.â",100,Named_Person,Named_Person,Yes,liz theoharis,liz theoharis,100,rev. dr.,rev. dr.,1.0,,"the poor peopleâs campaign, under the leadership of barber and rev. dr. liz theoharis",0.0,rev. dr. ,"rev. dr. the poor peopleâs campaign, under the leadership of barber and rev. dr. liz theoharis",1.0
82,"""i work for masshealth as a personal care attendant, helping to take care of people with disabilities and who are sick and need help with their daily activities. but i do not have health insurance myself,” guzman told reporters. “i am an essential worker living paycheck-to-paycheck and i have to make decisions every day. do i put gas in my car or do i pay my bills? or do i put food on my table?,” said janice guzman, an organizer with the. “this is why i am organizing with the massachusetts poor people's campaign. we have got to get our power as people, get back the mic, raise our voices and register voters. forward together!""","""i work for masshealth as a personal care attendant, helping to take care of people with disabilities and who are sick and need help with their daily activities. but i do not have health insurance myself,â guzman told reporters. âi am an essential worker living paycheck-to-paycheck and i have to make decisions every day. do i put gas in my car or do i pay my bills? or do i put food on my table?,â said janice guzman, an organizer with the. âthis is why i am organizing with the massachusetts poor people's campaign. we have got to get our power as people, get back the mic, raise our voices and register voters. forward together!",100,Named_Person,Named_Person,Yes,janice guzman,janice guzman,100,"organizer, massachusetts poor people's campaign",organizer with the massachusetts poor people's campaign and seiu 1199,0.7377764582633972,,"janice guzman, an organizer with the massachusetts poor people's campaign and seiu 1199",0.0,"organizer, massachusetts poor people's campaign ","organizer with the massachusetts poor people's campaign and seiu 1199 janice guzman, an organizer with the massachusetts poor people's campaign and seiu 1199",0.7520266175270081
83,,"in 2016, in a âproof of conceptâ, the poor peopleâs campaign targeted specific low wealth and low wage voters in several states including in georgia where they identified and mobilized 36,000 previously unengaged voters that helped produce the margin of victory in the pivotal u.s. senate races won by rev. raphael warner (d-ga) and jon ossoff (d-ga).",0,,Named_Organization,No,,poor peopleâs campaign,0,,,0.0,,"the poor peopleâs campaign; ppc,the poor peopleâs campaign",0.0,," the poor peopleâs campaign; ppc,the poor peopleâs campaign",0.0
