No,Sourced Statements ,Type of source,Anonymity Y/N,Name of Source,Title of Source,Source Justification
1,"A senior at North Country Union High School in Newport, Wilburn, 17, recalls being in line for the bathroom when the girl in front turned around and reached for her hair. Despite telling her not to touch it, Wilburn said the girl “grabbed” her hair.",Named,,Aaliyah Wilburn,leader with the Vermont Student Anti-Racism Network,senior at North Country Union High School
2,"“She then told me that I felt like a sheep and she imitated the noises of one,” said Wilburn, a leader with the Vermont Student Anti-Racism Network.",Named,,Aaliyah Wilburn,leader with the Vermont Student Anti-Racism Network,senior at North Country Union High School
3,when she was wearing a head covering because she was in the midst of braiding her hair a student pulled it off and ran away in the school hall,Named,,Aaliyah Wilburn,leader with the Vermont Student Anti-Racism Network,senior at North Country Union High School
4,"When she wore a headwrap another time, students said she looked like Marge Simpson and that she looked too African for their comfort",Named,,Aaliyah Wilburn,leader with the Vermont Student Anti-Racism Network,senior at North Country Union High School
5,"“Later in the day, someone took it off me,”",Named,,Aaliyah Wilburn,leader with the Vermont Student Anti-Racism Network,senior at North Country Union High School
6,"“I wouldn’t be scared of going out with a bonnet or a head wrap if this bill was in place at the time of these incidents,”",Named,,Aaliyah Wilburn,leader with the Vermont Student Anti-Racism Network,senior at North Country Union High School; said in an email 
7,"Addie Lentzner, executive director of the student anti-racism network, said she has seen hair discrimination in schools — not just in policies and norms but also in the form of microaggressions and racial bias. ",Named,,Addie Lentzner,executive director of the student anti-racism network,
8,"“I think it’s a huge problem in our schools and this bill would help address it,” Lentzner said.
",Named,,Addie Lentzner,executive director of the student anti-racism network,
9,"Modeled after language promoted as the CROWN Act and already enacted in 23 other states, including New York and Maine, the bill aims to prevent “an erasure and minimization of the experiences of marginalized people,” particularly Black and brown people, Rep. Saudia LaMont, D-Morristown, said during a preliminary vote on the bill Tuesday.",Named,,Saudia LaMont, Rep. D-Morristown,said during a preliminary vote on the bill
,"She cited a 2023 study that found 66% of Black girls in predominantly white schools and 44% of Black girls in all schools report experiencing hair discrimination, and that the experiences typically happen before they are 10.",Named,,Saudia LaMont, Rep. D-Morristown,said during a preliminary vote on the bill
10,"For her daughter, it first occurred in pre-school. While picking up her daughter one afternoon she said she was dismayed to find her wearing a stop sign on her chest that read, “Please ask to touch my hair.”",Named,,Saudia LaMont, Rep. D-Morristown,said during a preliminary vote on the bill
11,"A teacher explained that her daughter was reacting to several instances of students touching and petting her hair without her consent, LaMont continued.
",Named,,Saudia LaMont, Rep. D-Morristown,"said during a preliminary vote on the bill, comment from daughaters preschool teacher "
,"In another incident, her daughter’s dance teacher asked to have her recently installed braids taken out so the child’s hair could be put up in a bun to look like the majority of the other white kids in the class.",Named,,Saudia LaMont, Rep. D-Morristown,said during a preliminary vote on the bill
12,"“So it was in fact my 4-year-old’s idea to make a sign as a signal to her peers to stop violating her body and personal space,”",Named,,Saudia LaMont, Rep. D-Morristown,said during a preliminary vote on the bill
13,"LaMont outlined to her House colleagues on Tuesday the ways in which caring for Black hair is a process. It can take a day to wash, dry and detangle and protective styling, such as box braids or twists, can involve 8 to 22 hours of work.",Named,,Saudia LaMont, Rep. D-Morristown,said during a preliminary vote on the bill
14,"The bill is important, she said then, because “hair type, textures, styles, protective hairstyles” are “a symbol of one’s identity and ability to show up authentically,” which includes “the freedom to take pride in one’s appearance in ways people choose that feels in alignment with the traits that are associated with their race (and) improves confidence, self esteem, dignity and respect.”",Named,,Saudia LaMont, Rep. D-Morristown,said during a preliminary vote on the bill
16,"Black women’s hair is more likely to be perceived as unprofessional, she said, citing surveys.",Named,,Saudia LaMont, Rep. D-Morristown,said during a preliminary vote on the bill; citing surveys
17,"Many of them feel they must wear their hair straight in a job interview and report being sent home or denied a job because of their hair. The same kind of assumptions are used to prevent students with certain hairstyles from engaging in sports and other activities, she added.",Named,,Saudia LaMont, Rep. D-Morristown,said during a preliminary vote on the bill
18,"“Hair and head coverings do not determine behavior, capacity or competency and people should not be penalized, discriminated against or treated as such,” she said.",Named,,Saudia LaMont, Rep. D-Morristown,said during a preliminary vote on the bill
19,"Hair discrimination is degrading, disrespectful and invades people’s privacy in deep ways, said one of the bill’s primary sponsors, Rep. Kevin “Coach” Christie, D-Hartford. He pointed to incidents of it nationwide that have challenged athletes, students and teachers. ",Named,,Kevin “Coach” Christie,Rep. D-Hartford,one of the bill’s primary sponsors
20,"“It seems like a small bill but in actuality, it’s another big block in the foundation of equity in the state,” Christie said, adding that it pains him when families choose to leave Vermont after facing racial bullying, hazing and harassment.",Named,,Kevin “Coach” Christie,Rep. D-Hartford,one of the bill’s primary sponsors
22,"Representing Vermont’s most diverse community, Rep. Daisy Berbeco, D-Winooski, also a sponsor, told VTDigger the bill is an important step in advancing equity and “a step in the right direction towards people feeling safe and welcome in our state, no matter where they are in Vermont.”",Named,,Daisy Berbeco,Rep. D-Winooski,"represents Vermont's most diverse community, another bill sponsor "
23,"Rep. Mike Mrowicki, D-Putney, another bill sponsor, said he has heard from constituents who have faced discrimination due to their hair.",Named,,Mike Mrowicki,Rep. D-Putney,another bill sponsor 
24,"With the population and demographic of Vermont fast changing, this bill is a common sense effort to make sure that residents are not ostracized or mistreated because of who they are, he said.",Named,,Mike Mrowicki,Rep. D-Putney,another bill sponsor 
25,"“The reality that people of color are often ostracized or mistreated because of their hair. It can be as seemingly innocent as people wanting to touch it — which is really an invasion of people’s space,” he said.",Named,,Mike Mrowicki,Rep. D-Putney,another bill sponsor 
26,,,,,,
27,,,,,,
28,,,,,,
29,,,,,,
30,,,,,,
31,,,,,,
32,,,,,,
33,,,,,,
34,,,,,,
35,,,,,,
36,,,,,,
37,,,,,,
38,,,,,,
39,,,,,,
40,,,,,,