GT_Sentence,LLM_Sentence,Sentence_Match_Score,Source_Type_GT,Source_Type_LLM,Source_Type_Match,Name_GT,Name_LLM,Name_Match_Score,Title_GT,Title_LLM,Title_Match_Score,Justification_GT,Justification_LLM,Justification_Match_Score,Title_and_Justification_GT,Title_and_Justification_LLM
"the cash didn’t make it to mals until february 2024, due to problems with how the county commission resolution was originally drafted, henderson said.","recently, mals worked with a woman who was living in a house that should not be lived in by anyone and was starting to fall behind on rent, henderson said.",100.0,Named_Person,Named_Organization,,deborah henderson,memphis area legal services (mals),,judge,,,"to reduce such evictions, one of the court’s judges, deborah henderson; shelby county commissioner erika sugarmon; and cindy ettingoff, then-ceo of memphis area legal services, last summer secured $240,000 in the county budget to pilot a pre-litigation mediation program for landlord-tenant disputes.,to drum up more business, henderson and mals attorney cedric harris, who is leading the program, have been spending a few nights and weekends this summer speaking to churches, on radio shows and at other events.",,,"judge to reduce such evictions, one of the court’s judges, deborah henderson; shelby county commissioner erika sugarmon; and cindy ettingoff, then-ceo of memphis area legal services, last summer secured $240,000 in the county budget to pilot a pre-litigation mediation program for landlord-tenant disputes.,to drum up more business, henderson and mals attorney cedric harris, who is leading the program, have been spending a few nights and weekends this summer speaking to churches, on radio shows and at other events.", 
"the cash didn’t make it to mals until february 2024, due to problems with how the county commission resolution was originally drafted, henderson said.","the cash didnt make it to mals until february 2024, due to problems with how the county commission resolution was originally drafted, henderson said.",100.0,Named_Person,Named_Person,,deborah henderson,deborah henderson,,judge,judge,,"to reduce such evictions, one of the court’s judges, deborah henderson; shelby county commissioner erika sugarmon; and cindy ettingoff, then-ceo of memphis area legal services, last summer secured $240,000 in the county budget to pilot a pre-litigation mediation program for landlord-tenant disputes.,to drum up more business, henderson and mals attorney cedric harris, who is leading the program, have been spending a few nights and weekends this summer speaking to churches, on radio shows and at other events.",one of the courts judges,,"judge to reduce such evictions, one of the court’s judges, deborah henderson; shelby county commissioner erika sugarmon; and cindy ettingoff, then-ceo of memphis area legal services, last summer secured $240,000 in the county budget to pilot a pre-litigation mediation program for landlord-tenant disputes.,to drum up more business, henderson and mals attorney cedric harris, who is leading the program, have been spending a few nights and weekends this summer speaking to churches, on radio shows and at other events.",judge one of the courts judges
"the cash didn’t make it to mals until february 2024, due to problems with how the county commission resolution was originally drafted, henderson said.","recently, mals worked with a woman who was living in a house that should not be lived in by anyone and was starting to fall behind on rent, henderson said.",100.0,Named_Person,Named_Person,,deborah henderson,deborah henderson,,judge,judge,,"to reduce such evictions, one of the court’s judges, deborah henderson; shelby county commissioner erika sugarmon; and cindy ettingoff, then-ceo of memphis area legal services, last summer secured $240,000 in the county budget to pilot a pre-litigation mediation program for landlord-tenant disputes.,to drum up more business, henderson and mals attorney cedric harris, who is leading the program, have been spending a few nights and weekends this summer speaking to churches, on radio shows and at other events.",one of the courts judges,,"judge to reduce such evictions, one of the court’s judges, deborah henderson; shelby county commissioner erika sugarmon; and cindy ettingoff, then-ceo of memphis area legal services, last summer secured $240,000 in the county budget to pilot a pre-litigation mediation program for landlord-tenant disputes.,to drum up more business, henderson and mals attorney cedric harris, who is leading the program, have been spending a few nights and weekends this summer speaking to churches, on radio shows and at other events.",judge one of the courts judges
"recently, mals worked with a woman who was living in a house that “should not be lived in by anyone” and was starting to fall behind on rent, henderson said.","recently, mals worked with a woman who was living in a house that should not be lived in by anyone and was starting to fall behind on rent, henderson said.",100.0,Named_Person,Named_Organization,,deborah henderson,memphis area legal services (mals),,judge,,,"to reduce such evictions, one of the court’s judges, deborah henderson; shelby county commissioner erika sugarmon; and cindy ettingoff, then-ceo of memphis area legal services, last summer secured $240,000 in the county budget to pilot a pre-litigation mediation program for landlord-tenant disputes.,to drum up more business, henderson and mals attorney cedric harris, who is leading the program, have been spending a few nights and weekends this summer speaking to churches, on radio shows and at other events.",,,"judge to reduce such evictions, one of the court’s judges, deborah henderson; shelby county commissioner erika sugarmon; and cindy ettingoff, then-ceo of memphis area legal services, last summer secured $240,000 in the county budget to pilot a pre-litigation mediation program for landlord-tenant disputes.,to drum up more business, henderson and mals attorney cedric harris, who is leading the program, have been spending a few nights and weekends this summer speaking to churches, on radio shows and at other events.", 
"recently, mals worked with a woman who was living in a house that “should not be lived in by anyone” and was starting to fall behind on rent, henderson said.","then, recently, his landlord caught him by surprise and filed for eviction.",100.0,Named_Person,Named_Person,,deborah henderson,bryant woods,,judge,,,"to reduce such evictions, one of the court’s judges, deborah henderson; shelby county commissioner erika sugarmon; and cindy ettingoff, then-ceo of memphis area legal services, last summer secured $240,000 in the county budget to pilot a pre-litigation mediation program for landlord-tenant disputes.,to drum up more business, henderson and mals attorney cedric harris, who is leading the program, have been spending a few nights and weekends this summer speaking to churches, on radio shows and at other events.",,,"judge to reduce such evictions, one of the court’s judges, deborah henderson; shelby county commissioner erika sugarmon; and cindy ettingoff, then-ceo of memphis area legal services, last summer secured $240,000 in the county budget to pilot a pre-litigation mediation program for landlord-tenant disputes.,to drum up more business, henderson and mals attorney cedric harris, who is leading the program, have been spending a few nights and weekends this summer speaking to churches, on radio shows and at other events.", 
"meanwhile, grida said mals is looking for other funders interested in backing the effort.","meanwhile, grida said mals is looking for other funders interested in backing the effort.",100.0,Named_Person,Named_Organization,,nicole grida,memphis area legal services (mals),,"ceo, mals",,,"its leaders are scheduled to present to the county commission at the end of 2024, in hopes they can receive additional county funding after this first $240,000 runs out in february 2025.",,,"ceo, mals its leaders are scheduled to present to the county commission at the end of 2024, in hopes they can receive additional county funding after this first $240,000 runs out in february 2025.", 
"meanwhile, grida said mals is looking for other funders interested in backing the effort.","meanwhile, grida said mals is looking for other funders interested in backing the effort.",100.0,Named_Person,Named_Person,,nicole grida,nicole grida,,"ceo, mals",mals ceo,,"its leaders are scheduled to present to the county commission at the end of 2024, in hopes they can receive additional county funding after this first $240,000 runs out in february 2025.",the new mals ceo,,"ceo, mals its leaders are scheduled to present to the county commission at the end of 2024, in hopes they can receive additional county funding after this first $240,000 runs out in february 2025.",mals ceo the new mals ceo
"henderson believes the program will require a much longer pilot period before it’s able to produce the proof necessary to create a housing court. but, despite the rough start, she remains “very hopeful” for its future.","but, his landlords unwillingness to cooperate with rental history checks by property management firms made finding a new home for his family of five extremely difficult.",100.0,Named_Person,Named_Person,,deborah henderson,bryant woods,,judge,,,"to reduce such evictions, one of the court’s judges, deborah henderson; shelby county commissioner erika sugarmon; and cindy ettingoff, then-ceo of memphis area legal services, last summer secured $240,000 in the county budget to pilot a pre-litigation mediation program for landlord-tenant disputes.,to drum up more business, henderson and mals attorney cedric harris, who is leading the program, have been spending a few nights and weekends this summer speaking to churches, on radio shows and at other events.",,,"judge to reduce such evictions, one of the court’s judges, deborah henderson; shelby county commissioner erika sugarmon; and cindy ettingoff, then-ceo of memphis area legal services, last summer secured $240,000 in the county budget to pilot a pre-litigation mediation program for landlord-tenant disputes.,to drum up more business, henderson and mals attorney cedric harris, who is leading the program, have been spending a few nights and weekends this summer speaking to churches, on radio shows and at other events.", 
"henderson believes the program will require a much longer pilot period before it’s able to produce the proof necessary to create a housing court. but, despite the rough start, she remains “very hopeful” for its future.","but, despite the rough start, she remains very hopeful for its future.",100.0,Named_Person,Named_Person,,deborah henderson,deborah henderson,,judge,judge,,"to reduce such evictions, one of the court’s judges, deborah henderson; shelby county commissioner erika sugarmon; and cindy ettingoff, then-ceo of memphis area legal services, last summer secured $240,000 in the county budget to pilot a pre-litigation mediation program for landlord-tenant disputes.,to drum up more business, henderson and mals attorney cedric harris, who is leading the program, have been spending a few nights and weekends this summer speaking to churches, on radio shows and at other events.",one of the courts judges,,"judge to reduce such evictions, one of the court’s judges, deborah henderson; shelby county commissioner erika sugarmon; and cindy ettingoff, then-ceo of memphis area legal services, last summer secured $240,000 in the county budget to pilot a pre-litigation mediation program for landlord-tenant disputes.,to drum up more business, henderson and mals attorney cedric harris, who is leading the program, have been spending a few nights and weekends this summer speaking to churches, on radio shows and at other events.",judge one of the courts judges
